{
    "total_runtime": 15773.190330028534,
    "num_documents": 219,
    "input_load_time": 0,
    "workflows": {
        "create_base_text_units": {
            "overall": 0.9174294471740723
        },
        "create_final_documents": {
            "overall": 0.11340737342834473
        },
        "extract_graph": {
            "overall": 14733.67032122612
        },
        "finalize_graph": {
            "overall": 0.13383030891418457
        },
        "create_communities": {
            "overall": 0.18689489364624023
        },
        "create_final_text_units": {
            "overall": 0.15204954147338867
        },
        "create_community_reports": {
            "overall": 880.2669007778168
        },
        "generate_text_embeddings": {
            "overall": 157.6122350692749
        }
    }
}